tconst	nconst	category	job	characters
tt0000001	nm1588970	self	\N	["Self"]
tt0000001	nm0005690	director	\N	\N
tt0000001	nm0374658	cinematographer	director of photography	\N
tt0000002	nm0721526	director	\N	\N
tt0000002	nm1335271	composer	\N	\N
tt0000003	nm0721526	director	\N	\N
tt0000003	nm1770680	producer	producer	\N
tt0000003	nm1335271	composer	\N	\N
tt0000003	nm5442200	editor	\N	\N
tt0000004	nm0721526	director	\N	\N
tt0000004	nm1335271	composer	\N	\N
tt0000005	nm0443482	actor	\N	["Blacksmith"]
tt0000005	nm0653042	actor	\N	["Assistant"]
tt0000005	nm0005690	director	\N	\N
tt0000005	nm0249379	producer	producer	\N
tt0000006	nm0005690	director	\N	\N
tt0000007	nm0179163	actor	\N	\N
tt0000007	nm0183947	actor	\N	\N
tt0000007	nm0005690	director	\N	\N
tt0000007	nm0374658	director	\N	\N
tt0000007	nm0249379	producer	producer	\N
tt0000008	nm0653028	actor	\N	["Sneezing Man"]
tt0000008	nm0005690	director	\N	\N
tt0000008	nm0374658	cinematographer	\N	\N
tt0000009	nm0063086	actress	\N	["Miss Geraldine Holbrook (Miss Jerry)"]
tt0000009	nm0183823	actor	\N	["Mr. Hamilton"]
tt0000009	nm1309758	actor	\N	["Chauncey Depew - the Director of the New York Central Railroad"]
tt0000009	nm0085156	director	\N	\N
tt0000010	nm0525910	director	\N	\N
tt0000011	nm3692297	actor	\N	["Acrobats"]
tt0000011	nm0804434	director	\N	\N
tt0000012	nm2880396	self	\N	["Self"]
tt0000012	nm9735580	self	\N	["Self"]
tt0000012	nm0525900	self	\N	["Self"]
tt0000012	nm9735581	self	\N	["Self"]
tt0000012	nm0525908	director	\N	\N
tt0000012	nm0525910	director	\N	\N
tt0000012	nm9735579	self	\N	["Self"]
tt0000012	nm9653419	self	\N	["Self"]
tt0000013	nm0525908	self	\N	["Self"]
tt0000013	nm1715062	self	\N	["Self"]
tt0000013	nm0525910	director	\N	\N
tt0000014	nm0166380	actor	\N	["The Gardener"]
tt0000014	nm0244989	actor	\N	["The Boy"]
tt0000014	nm0525910	director	\N	\N
tt0000015	nm0721526	director	\N	\N
tt0000016	nm0525900	self	\N	["Self (on the pier)"]
tt0000016	nm9735581	self	\N	["Self (on the pier)"]
tt0000016	nm0525910	director	\N	\N
tt0000017	nm3691272	actor	\N	["The boy"]
tt0000017	nm3692829	actress	\N	["The girl"]
tt0000017	nm1587194	director	\N	\N
tt0000017	nm0804434	director	\N	\N
tt0000018	nm3692071	actor	\N	["The Boxer"]
tt0000018	nm0804434	director	\N	\N
tt0000019	nm0932055	director	\N	\N
tt0000020	nm0010291	director	\N	\N
tt0000020	nm0666972	producer	producer	\N
tt0000022	nm0525910	director	\N	\N
tt0000023	nm0525910	director	\N	\N
tt0000024	nm0256651	self	\N	["Self - Empress of Gemany"]
tt0000024	nm0435118	self	\N	["Self - Emperor of Germany"]
tt0000024	nm0010291	director	\N	\N
tt0000024	nm0666972	producer	producer	\N
tt0000025	nm0010291	director	\N	\N
tt0000025	nm0666972	producer	producer	\N
tt0000026	nm2350007	actor	\N	["Valet"]
tt0000026	nm0525907	actor	\N	["Man playing cards, seated on the left"]
tt0000026	nm1151424	actor	\N	["Man playing cards, seated on the right"]
tt0000026	nm2354154	actor	\N	["Man playing cards, seated in the middle"]
tt0000026	nm0525910	director	\N	\N
tt0000027	nm0525910	director	\N	\N
tt0000028	nm2350838	self	\N	["Self"]
tt0000028	nm0525908	self	\N	["Self"]
tt0000028	nm0525910	director	\N	\N
tt0000029	nm0525908	self	\N	["Self"]
tt0000029	nm0525900	self	\N	["Self"]
tt0000029	nm2350838	self	\N	["Self"]
tt0000029	nm0525910	director	\N	\N
tt0000030	nm0010291	director	\N	\N
tt0000030	nm0666972	director	\N	\N
tt0000031	nm0525910	director	\N	\N
tt0000032	nm3692479	actress	\N	["The dancer"]
tt0000032	nm0804434	director	\N	\N
tt0000033	nm0525910	director	\N	\N
tt0000034	nm0617588	director	\N	\N
tt0000035	nm0617588	director	\N	\N
tt0000036	nm0420198	actor	\N	["Rip Van Winkle"]
tt0000036	nm0005690	director	\N	\N
tt0000036	nm0410331	writer	story "Rip Van Winkle"	\N
tt0000036	nm0005658	cinematographer	\N	\N
tt0000037	nm0617588	director	\N	\N
tt0000038	nm2960633	self	\N	["Self - First baseman"]
tt0000038	nm0340719	self	\N	["Self"]
tt0000038	nm2958402	self	\N	["Self"]
tt0000038	nm0374658	director	\N	\N
tt0000039	nm0666972	producer	producer	\N
tt0000040	nm0617588	director	\N	\N
tt0000041	nm0525910	director	\N	\N
tt0000041	nm0525908	producer	producer	\N
tt0000042	nm0617588	director	\N	\N
tt0000043	nm0617588	director	\N	\N
tt0000044	nm0617588	director	\N	\N
tt0000045	nm0617588	director	\N	\N
tt0000046	nm0617588	director	\N	\N
tt0000047	nm0617588	director	\N	\N
tt0000048	nm0010291	director	\N	\N
tt0000049	nm0010291	director	\N	\N
tt0000050	nm3029234	self	\N	["Self"]
tt0000050	nm0617588	director	\N	\N
tt0000051	nm0617588	director	\N	\N
tt0000052	nm0895515	director	\N	\N
tt0000052	nm1729239	cinematographer	\N	\N
tt0000053	nm0684607	director	\N	\N
tt0000054	nm0617588	director	\N	\N
tt0000055	nm0617588	director	\N	\N
tt0000056	nm0795060	director	\N	\N
tt0000057	nm0874739	self	\N	["Self (Tsar of Russia)"]
tt0000057	nm0874746	self	\N	["Self (Tsarina of Russia)"]
tt0000057	nm0617588	director	\N	\N
tt0000058	nm0874739	self	\N	["Self (Tsar of Russia)"]
tt0000058	nm0617588	director	\N	\N
tt0000059	nm0617588	director	\N	\N
tt0000060	nm0005690	director	\N	\N
tt0000060	nm0005658	cinematographer	\N	\N
tt0000061	nm4007970	actress	\N	\N
tt0000061	nm0010291	director	\N	\N
tt0000061	nm0666972	producer	producer	\N
tt0000062	nm0617588	director	\N	\N
tt0000063	nm0617588	actor	\N	["Georges Méliès"]
tt0000064	nm0617588	actor	\N	["Lightening Sketch Artist"]
tt0000065	nm0617588	actor	\N	["Lightening Sketch Artist"]
tt0000066	nm0617588	actor	\N	["Lightening Sketch Artist"]
tt0000067	nm0617588	director	\N	\N
tt0000068	nm0617588	director	\N	\N
tt0000069	nm0617588	director	\N	\N
tt0000070	nm0525908	actor	\N	\N
tt0000070	nm0525910	director	\N	\N
tt0000071	nm0617588	director	\N	\N
tt0000072	nm0617588	director	\N	\N
tt0000073	nm0617588	director	\N	\N
tt0000074	nm0617588	director	\N	\N
tt0000075	nm0194945	actress	\N	["Woman"]
tt0000075	nm0617588	actor	\N	["Magician"]
tt0000076	nm0420198	actor	\N	["Rip Van Winkle"]
tt0000076	nm0005690	director	\N	\N
tt0000076	nm0410331	writer	story "Rip Van Winkle"	\N
tt0000076	nm0005658	cinematographer	\N	\N
tt0000077	nm0617588	director	\N	\N
tt0000078	nm0234288	director	\N	\N
tt0000079	nm0617588	director	\N	\N
tt0000080	nm0617588	director	\N	\N
tt0000081	nm0617588	director	\N	\N
tt0000082	nm0005690	director	\N	\N
tt0000082	nm0005658	cinematographer	\N	\N
tt0000083	nm0617588	director	\N	\N
tt0000084	nm0617588	director	\N	\N
tt0000085	nm0617588	director	\N	\N
tt0000086	nm0617588	director	\N	\N
tt0000087	nm0617588	director	\N	\N
tt0000088	nm0617588	director	\N	\N
tt0000089	nm0525908	director	\N	\N
tt0000089	nm0698645	director	\N	\N
tt0000089	nm0525910	producer	producer	\N
tt0000090	nm0617588	director	\N	\N
tt0000091	nm0194945	actress	\N	["Young woman"]
tt0000091	nm6170115	actor	\N	["Mephistopheles"]
tt0000091	nm0617588	actor	\N	["Mephistopheles"]
tt0000092	nm0617588	director	\N	\N
tt0000093	nm0525908	director	\N	\N
tt0000093	nm0525910	director	\N	\N
tt0000094	nm9513675	self	\N	["Self"]
tt0000094	nm0617588	director	\N	\N
tt0000095	nm0617588	director	\N	\N
tt0000096	nm0617588	director	\N	\N
tt0000097	nm0617588	director	\N	\N
tt0000098	nm0617588	director	\N	\N
tt0000099	nm0617588	director	\N	\N
tt0000100	nm0617588	director	\N	\N
tt0000101	nm0617588	director	\N	\N
tt0000102	nm0617588	director	\N	\N
tt0000103	nm0617588	director	\N	\N
tt0000104	nm0525910	producer	producer	\N
tt0000105	nm0617588	director	\N	\N
tt0000106	nm0617588	director	\N	\N
tt0000107	nm0617588	director	\N	\N
tt0000108	nm0420198	actor	\N	["Rip Van Winkle"]
tt0000108	nm0005690	director	\N	\N
tt0000108	nm0410331	writer	story "Rip Van Winkle"	\N
tt0000108	nm0005658	cinematographer	\N	\N
tt0000109	nm0420198	actor	\N	["Rip Van Winkle"]
tt0000109	nm0005690	director	\N	\N
tt0000109	nm0410331	writer	story "Rip Van Winkle"	\N
tt0000109	nm0005658	cinematographer	\N	\N
tt0000110	nm0420198	actor	\N	["Rip Van Winkle"]
tt0000110	nm0005690	director	\N	\N
tt0000110	nm0410331	writer	story "Rip Van Winkle"	\N
tt0000110	nm0005658	cinematographer	\N	\N
tt0000111	nm0420198	actor	\N	["Rip Van Winkle"]
tt0000111	nm0005690	director	\N	\N
tt0000111	nm0410331	writer	story "Rip Van Winkle"	\N
tt0000111	nm0005658	cinematographer	\N	\N
tt0000112	nm0420198	actor	\N	["Rip Van Winkle"]
tt0000112	nm0005690	director	\N	\N
tt0000112	nm0410331	writer	story "Rip Van Winkle"	\N
tt0000112	nm0005658	cinematographer	\N	\N
tt0000113	nm0420198	actor	\N	["Rip Van Winkle"]
tt0000113	nm0005690	director	\N	\N
tt0000113	nm0410331	writer	story "Rip Van Winkle"	\N
tt0000113	nm0005658	cinematographer	\N	\N
tt0000114	nm0617588	director	\N	\N
tt0000115	nm0617588	director	\N	\N
tt0000116	nm0617588	director	\N	\N
tt0000117	nm0234288	director	\N	\N
tt0000118	nm0617588	director	\N	\N
tt0000119	nm0617588	director	\N	\N
tt0000120	nm0617588	director	\N	\N
tt0000121	nm0832461	actor	\N	["The Soldier"]
tt0000121	nm0780534	actress	\N	["The Girl"]
tt0000121	nm5718242	actress	\N	["The Woman"]
tt0000121	nm0609678	director	\N	\N
tt0000121	nm0666972	producer	producer	\N
tt0000122	nm0617588	director	\N	\N
tt0000123	nm0617588	self	\N	["Self (stage magician)"]
tt0000124	nm0617588	director	\N	\N
tt0000125	nm0666972	producer	producer	\N
tt0000126	nm0617588	director	\N	\N
tt0000127	nm0617588	director	\N	\N
tt0000128	nm0617588	director	\N	\N
tt0000129	nm0617588	director	\N	\N
tt0000130	nm0617588	director	\N	\N
tt0000131	nm0617588	actor	\N	["L'homme qui essaie de dormir"]
tt0000132	nm9342429	actress	\N	["La Serveuse"]
tt0000132	nm0577734	actor	\N	["Un joueur de cartes"]
tt0000132	nm0617588	actor	\N	["Un joueur de cartes"]
tt0000132	nm3029234	actress	\N	["La petite fille"]
tt0000133	nm0617588	director	\N	\N
tt0000135	nm0005690	director	\N	\N
tt0000135	nm0005658	cinematographer	\N	\N
tt0000137	nm0349785	director	\N	\N
tt0000138	nm0617588	actor	\N	["Inn Guest"]
tt0000139	nm0349785	director	\N	\N
tt0000140	nm0349785	director	\N	\N
tt0000141	nm0349785	director	\N	\N
tt0000142	nm0168621	actor	\N	\N
tt0000142	nm0924920	director	\N	\N
tt0000142	nm0374658	cinematographer	\N	\N
tt0000143	nm0349785	director	\N	\N
tt0000144	nm0349785	director	\N	\N
tt0000145	nm0349785	director	\N	\N
tt0000146	nm0349785	director	\N	\N
tt0000147	nm0179163	self	\N	["Self"]
tt0000147	nm0280615	self	\N	["Self"]
tt0000147	nm4082222	self	\N	["Self - Sullivan's Manager"]
tt0000147	nm4081458	self	\N	["Self - Referee"]
tt0000147	nm0714557	director	\N	\N
tt0000147	nm0103755	producer	producer	\N
tt0000147	nm2256592	self	\N	["Self - Master of Ceremonies"]
tt0000148	nm0349785	director	\N	\N
tt0000149	nm0617588	director	\N	\N
tt0000150	nm0349785	director	\N	\N
tt0000151	nm0194945	actress	\N	\N
tt0000151	nm0617588	director	\N	\N
tt0000152	nm0617588	actor	\N	\N
tt0000153	nm0808310	director	\N	\N
tt0000154	nm0010291	director	\N	\N
tt0000155	nm0617588	director	\N	\N
tt0000156	nm0617588	director	\N	\N
tt0000157	nm0349785	director	\N	\N
tt0000158	nm0349785	director	\N	\N
tt0000159	nm0617588	director	\N	\N
tt0000160	nm0095816	director	\N	\N
tt0000160	nm0666972	producer	producer	\N
tt0000161	nm0349785	director	\N	\N
tt0000162	nm0698645	director	\N	\N
tt0000162	nm0525908	producer	producer	\N
tt0000162	nm0525910	producer	producer	\N
tt0000163	nm0349785	director	\N	\N
tt0000164	nm0349785	director	\N	\N
tt0000165	nm0024876	actor	\N	\N
tt0000165	nm0278321	actor	\N	\N
tt0000165	nm0005717	actor	\N	\N
tt0000165	nm0556371	actor	\N	\N
tt0000165	nm0083196	cinematographer	\N	\N
tt0000165	nm0563758	actor	\N	\N
tt0000166	nm0005717	director	\N	\N
tt0000167	nm0422809	director	\N	\N
tt0000168	nm0005717	director	\N	\N
tt0000169	nm0698645	director	\N	\N
tt0000169	nm0677318	producer	producer	\N
tt0000170	nm0666972	director	\N	\N
tt0000171	nm0349785	director	\N	\N
tt0000172	nm0809419	actress	\N	\N
tt0000172	nm0338379	actor	\N	["Professor"]
tt0000172	nm0808310	director	\N	\N
tt0000173	nm0085865	director	\N	\N
tt0000174	nm0841389	actor	\N	["Sausage Vendor"]
tt0000174	nm1024447	actor	\N	["Sticker"]
tt0000174	nm0471818	director	\N	\N
tt0000175	nm0795060	director	\N	\N
tt0000175	nm0666972	producer	producer	\N
tt0000176	nm0666972	producer	producer	\N
tt0000177	nm0085865	actor	\N	["The Burglar"]
tt0000177	nm0807236	cinematographer	\N	\N
tt0000178	nm0692105	director	\N	\N
tt0000179	nm0617588	director	\N	\N
tt0000180	nm0349785	director	\N	\N
tt0000181	nm0809419	actress	\N	["Cinderella"]
tt0000181	nm0808310	director	\N	\N
tt0000181	nm0674518	writer	story "Cendrillon"	\N
tt0000182	nm0666972	director	\N	\N
tt0000183	nm0808310	director	\N	\N
tt0000183	nm0241416	writer	novel	\N
tt0000184	nm0924920	director	\N	\N
tt0000185	nm0349785	director	\N	\N
tt0000186	nm0617588	director	\N	\N
tt0000187	nm0349785	director	\N	\N
tt0000188	nm0666972	director	\N	\N
tt0000189	nm0005717	director	\N	\N
tt0000190	nm0841389	actor	\N	["Old Philanderer"]
tt0000190	nm1024447	actor	\N	["Man with Broom"]
tt0000190	nm0471818	director	\N	\N
tt0000191	nm0349785	director	\N	\N
tt0000192	nm0518132	self	\N	["Self"]
tt0000192	nm0924920	director	\N	\N
tt0000192	nm0238900	writer	novel "Trilby"	\N
tt0000192	nm0374658	cinematographer	\N	\N
tt0000193	nm0349785	director	\N	\N
tt0000194	nm0378408	director	\N	\N
tt0000195	nm0349785	director	\N	\N
tt0000196	nm0808310	director	\N	\N
tt0000196	nm0324473	writer	novel	\N
tt0000197	nm0349785	director	\N	\N
tt0000198	nm0349785	director	\N	\N
tt0000199	nm0666972	producer	producer	\N
tt0000200	nm1380868	self	\N	["Self"]
tt0000201	nm0168621	self	\N	["Self"]
tt0000201	nm0005690	director	\N	\N
tt0000201	nm0249379	producer	producer	\N
tt0000202	nm0349785	director	\N	\N
tt0000203	nm0349785	director	\N	\N
tt0000204	nm0349785	director	\N	\N
tt0000205	nm0349785	director	\N	\N
tt0000206	nm0005717	director	\N	\N
tt0000207	nm0666972	producer	producer	\N
tt0000208	nm0808310	director	\N	\N
tt0000209	nm0808310	director	\N	\N
tt0000210	nm0617588	actor	\N	\N
tt0000211	nm0194945	actress	\N	["Phoebe - la bonne fée"]
tt0000211	nm0617588	actor	\N	["L'astronome"]
tt0000212	nm0795060	director	\N	\N
tt0000213	nm0349785	director	\N	\N
tt0000214	nm0085865	actor	\N	["Hand that tears down the Spanish flag"]
tt0000214	nm0807236	producer	producer	\N
tt0000215	nm0841389	actor	\N	\N
tt0000215	nm0471818	director	\N	\N
tt0000216	nm1997201	self	\N	["Self"]
tt0000216	nm0454367	self	\N	["Self"]
tt0000216	nm0005717	director	\N	\N
tt0000217	nm0808310	director	\N	\N
tt0000218	nm0617588	actor	\N	["Fernand Labori"]
tt0000219	nm0808310	director	\N	\N
tt0000220	nm0666972	producer	producer	\N
tt0000221	nm0182052	director	\N	\N
tt0000222	nm0349785	director	\N	\N
tt0000223	nm0349785	director	\N	\N
tt0000224	nm0666972	producer	producer	\N
tt0000225	nm0207305	writer	story	\N
tt0000226	nm0378408	producer	producer	\N
tt0000227	nm4427898	director	\N	\N
tt0000227	nm0666972	producer	producer	\N
tt0000228	nm0349785	director	\N	\N
tt0000229	nm0857203	writer	poem	\N
tt0000229	nm0924920	producer	producer	\N
tt0000229	nm0595213	composer	\N	\N
tt0000230	nm1333156	actress	\N	["Cinderella"]
tt0000230	nm0076933	actress	\N	["The Fairy Godmother"]
tt0000230	nm1778224	actor	\N	["Prince Charming"]
tt0000230	nm0194945	actress	\N	["Fairy Godmother"]
tt0000230	nm0617588	director	\N	\N
tt0000230	nm0674518	writer	story "Cinderella"	\N
tt0000230	nm1778292	actor	\N	["Party Guest"]
tt0000231	nm0795060	director	\N	\N
tt0000231	nm0666972	producer	producer	\N
tt0000232	nm0349785	director	\N	\N
tt0000233	nm0005717	director	\N	\N
tt0000234	nm0194945	actress	\N	["Cleopatre"]
tt0000234	nm0617588	actor	\N	["Tomb Digger"]
tt0000235	nm0194945	actress	\N	["Ayesha"]
tt0000235	nm0617588	actor	\N	["The Devil"]
tt0000235	nm0353584	writer	novel "She"	\N
tt0000236	nm0349785	director	\N	\N
tt0000237	nm0349785	director	\N	\N
tt0000238	nm0349785	director	\N	\N
tt0000239	nm0298291	self	\N	["Self"]
tt0000239	nm0349785	director	\N	\N
tt0000240	nm0005658	cinematographer	\N	\N
tt0000240	nm0555522	cinematographer	\N	\N
tt0000241	nm0349785	director	\N	\N
tt0000242	nm0617588	actor	\N	["The Devil"]
tt0000243	nm0349785	director	\N	\N
tt0000244	nm0349785	director	\N	\N
tt0000245	nm0002615	producer	producer	\N
tt0000246	nm0617588	actor	\N	["Magician"]
tt0000247	nm6010696	production_designer	\N	\N
tt0000247	nm0002504	actor	\N	["King John"]
tt0000247	nm0784327	actor	\N	["Prince Henry"]
tt0000247	nm2259742	actor	\N	["Arthur"]
tt0000247	nm0924893	actor	\N	["Earl of Pembroke"]
tt0000247	nm2156608	director	\N	\N
tt0000247	nm0005690	director	\N	\N
tt0000247	nm0000636	writer	play	\N
tt0000247	nm0744231	composer	\N	\N
tt0000247	nm6114857	composer	\N	\N
tt0000248	nm0809419	actress	\N	["Wife"]
tt0000248	nm0808310	actor	\N	["Husband"]
tt0000249	nm0808310	director	\N	\N
tt0000250	nm0005717	director	\N	\N
tt0000251	nm0177862	director	\N	\N
tt0000252	nm0349785	director	\N	\N
tt0000253	nm0095816	director	\N	\N
tt0000253	nm0666972	producer	producer	\N
tt0000254	nm0349785	director	\N	\N
tt0000255	nm0349785	director	\N	\N
tt0000256	nm0005658	cinematographer	\N	\N
tt0000257	nm0349785	director	\N	\N
tt0000258	nm0349785	director	\N	\N
tt0000259	nm0349785	director	\N	\N
tt0000260	nm0349785	director	\N	\N
tt0000261	nm0617588	actor	\N	["The Sleeping Man"]
tt0000262	nm0349785	director	\N	\N
tt0000264	nm0617588	actor	\N	["L'illusioniste"]
tt0000265	nm0335788	actor	\N	["Chimmie Hicks"]
tt0000265	nm0035502	cinematographer	\N	\N
tt0000266	nm0035502	cinematographer	\N	\N
tt0000267	nm0349785	director	\N	\N
tt0000268	nm0349785	director	\N	\N
tt0000269	nm0666972	director	\N	\N
tt0000270	nm0349785	director	\N	\N
tt0000271	nm0349785	director	\N	\N
tt0000272	nm0808310	director	\N	\N
tt0000273	nm1040375	actor	\N	["The Officer"]
tt0000273	nm1894886	actor	\N	["The Missionary"]
tt0000273	nm1895457	actress	\N	["The Girl"]
tt0000273	nm0932055	director	\N	\N
tt0000274	nm0349785	director	\N	\N
tt0000275	nm0349785	director	\N	\N
tt0000276	nm0349785	director	\N	\N
tt0000277	nm0349785	director	\N	\N
tt0000278	nm0168621	self	\N	["Self"]
tt0000279	nm0168621	actor	\N	\N
tt0000279	nm0555522	cinematographer	\N	\N
tt0000280	nm0168621	actor	\N	\N
tt0000280	nm0555522	cinematographer	\N	\N
tt0000281	nm0168621	actor	\N	\N
tt0000281	nm0035502	cinematographer	\N	\N
tt0000282	nm0349785	director	\N	\N
tt0000283	nm0349785	director	\N	\N
tt0000284	nm0349785	director	\N	\N
tt0000285	nm0095816	director	\N	\N
tt0000285	nm0666972	producer	producer	\N
tt0000286	nm0349785	director	\N	\N
tt0000287	nm0085865	director	\N	\N
tt0000287	nm0807236	director	\N	\N
tt0000288	nm0349785	director	\N	\N
tt0000289	nm0349785	director	\N	\N
tt0000290	nm0349785	director	\N	\N
tt0000291	nm0349785	director	\N	\N
tt0000292	nm0349785	director	\N	\N
tt0000293	nm0349785	director	\N	\N
tt0000294	nm0349785	director	\N	\N
tt0000295	nm0349785	director	\N	\N
tt0000296	nm10501864	actress	\N	["Dancer"]
tt0000296	nm0349785	director	\N	\N
tt0000297	nm0349785	director	\N	\N
tt0000298	nm0349785	director	\N	\N
tt0000299	nm0349785	director	\N	\N
tt0000300	nm0085865	actor	\N	["Chalk-Talk Artist"]
tt0000300	nm0807236	producer	producer	\N
tt0000301	nm0692105	director	\N	\N
tt0000301	nm0324473	writer	play	\N
tt0000302	nm0349785	director	\N	\N
tt0000303	nm0349785	director	\N	\N
tt0000304	nm2940072	actor	\N	["Willy - the little grandson"]
tt0000304	nm0808310	director	\N	\N
tt0000305	nm0112631	actress	\N	\N
tt0000305	nm0349785	director	\N	\N
tt0000306	nm0076800	actress	\N	["Hamlet"]
tt0000306	nm0536252	actor	\N	["Laertes"]
tt0000306	nm1267013	actress	\N	["A page"]
tt0000306	nm0561109	director	\N	\N
tt0000306	nm0000636	writer	play "Hamlet"	\N
tt0000306	nm5670483	producer	producer	\N
tt0000307	nm0085865	actor	\N	["Happy Hooligan"]
tt0000307	nm1112850	writer	comic strip "Happy Hooligan"	\N
tt0000308	nm2940350	actress	\N	["Little girl"]
tt0000308	nm2940072	actor	\N	["Little brother"]
tt0000308	nm0808310	director	\N	\N
tt0000309	nm0164281	actress	\N	["Passenger"]
tt0000309	nm0378408	actor	\N	["Driver"]
tt0000310	nm0335788	actor	\N	["Chimmie Hicks"]
tt0000310	nm0151209	actress	\N	\N
tt0000310	nm0035502	cinematographer	\N	\N
tt0000312	nm0349785	director	\N	\N
tt0000313	nm0809419	actress	\N	["Young woman"]
tt0000313	nm0338379	actor	\N	["Man"]
tt0000313	nm0808310	director	\N	\N
tt0000314	nm0349785	director	\N	\N
tt0000315	nm0349785	director	\N	\N
tt0000316	nm0349785	director	\N	\N
tt0000317	nm0349785	director	\N	\N
tt0000318	nm13155558	actor	\N	\N
tt0000318	nm0804433	actor	\N	["Koechin"]
tt0000318	nm0804434	director	\N	\N
tt0000319	nm1272063	actor	\N	\N
tt0000319	nm1272675	actor	\N	\N
tt0000319	nm0793094	director	\N	\N
tt0000320	nm0349785	director	\N	\N
tt0000321	nm0692105	director	\N	\N
tt0000322	nm0005717	director	\N	\N
tt0000323	nm0349785	director	\N	\N
tt0000324	nm0349785	director	\N	\N
tt0000325	nm0112631	actress	\N	\N
tt0000325	nm0349785	director	\N	\N
tt0000326	nm0112631	actress	\N	\N
tt0000326	nm0349785	director	\N	\N
tt0000327	nm0349785	director	\N	\N
tt0000328	nm0349785	director	\N	\N
tt0000329	nm0349785	director	\N	\N
tt0000330	nm0349785	director	\N	\N
tt0000331	nm0349785	director	\N	\N
tt0000332	nm0349785	director	\N	\N
tt0000333	nm0349785	director	\N	\N
tt0000334	nm0349785	director	\N	\N
tt0000335	nm1010955	actress	\N	\N
tt0000335	nm1012612	actor	\N	\N
tt0000335	nm1011210	actor	\N	\N
tt0000335	nm1012621	actor	\N	\N
tt0000335	nm0095714	director	\N	\N
tt0000335	nm0675140	director	\N	\N
tt0000335	nm0675239	actor	\N	["Lion"]
tt0000335	nm0675260	actor	\N	["Lion"]
tt0000336	nm0349785	director	\N	\N
tt0000337	nm0525910	producer	producer	\N
tt0000338	nm0349785	director	\N	\N
tt0000339	nm0349785	director	\N	\N
tt0000340	nm0542567	actor	\N	["Uncle Josh"]
tt0000340	nm0692105	director	\N	\N
tt0000341	nm0542567	actor	\N	["Uncle Josh"]
tt0000341	nm0692105	director	\N	\N
tt0000342	nm0349785	director	\N	\N
tt0000343	nm0349785	director	\N	\N
tt0000344	nm0349785	director	\N	\N
tt0000345	nm0349785	director	\N	\N
tt0000346	nm0692105	director	\N	\N
tt0000347	nm0168621	actor	\N	\N
tt0000347	nm0035502	cinematographer	\N	\N
tt0000348	nm0349785	director	\N	\N
tt0000349	nm0095816	director	\N	\N
tt0000349	nm0666972	producer	producer	\N
tt0000350	nm0666972	director	\N	\N
tt0000351	nm0462306	actress	\N	\N
tt0000351	nm0815907	actress	\N	\N
tt0000351	nm0349785	director	\N	\N
tt0000352	nm0692105	director	\N	\N
tt0000353	nm0692105	director	\N	\N
tt0000354	nm0182052	director	\N	\N
tt0000355	nm0932055	director	\N	\N
tt0000356	nm0349785	director	\N	\N
tt0000357	nm0095816	director	\N	\N
tt0000357	nm0666972	producer	producer	\N
tt0000358	nm0509806	actor	\N	\N
tt0000358	nm1778194	actor	\N	\N
tt0000358	nm0954087	actor	\N	\N
tt0000359	nm0617588	actor	\N	["The Chemist","The India Rubber Head"]
tt0000360	nm0462306	actress	\N	["La Grisette"]
tt0000360	nm0815907	actress	\N	["Le Hussard"]
tt0000360	nm0349785	director	\N	\N
tt0000361	nm0349785	director	\N	\N
tt0000362	nm0349785	director	\N	\N
tt0000363	nm0095816	director	\N	\N
tt0000363	nm0666972	producer	producer	\N
tt0000364	nm0692105	director	\N	\N
tt0000364	nm0924920	cinematographer	\N	\N
tt0000365	nm0182052	director	\N	\N
tt0000366	nm0182052	director	\N	\N
tt0000367	nm0349785	director	\N	\N
tt0000368	nm1089829	actress	\N	["Little Red Riding Hood"]
tt0000368	nm0617588	director	\N	\N
tt0000368	nm0674518	writer	story "Le petit chaperon rouge"	\N
tt0000369	nm0005717	director	\N	\N
tt0000370	nm8709803	actor	\N	["Ebenezer Scrooge"]
tt0000370	nm0095816	director	\N	\N
tt0000370	nm1304340	writer	play 'Scrooge'	\N
tt0000370	nm0002042	writer	novel "A Christmas Carol"	\N
tt0000370	nm0666972	producer	producer	\N
tt0000371	nm0349785	director	\N	\N
tt0000372	nm0349785	director	\N	\N
tt0000373	nm0954087	director	\N	\N
tt0000374	nm0349785	director	\N	\N
tt0000375	nm0182052	director	\N	\N
tt0000376	nm0466448	actor	\N	\N
tt0000376	nm0617272	actress	\N	["Salome"]
tt0000376	nm0086082	actress	\N	\N
tt0000376	nm0632577	actress	\N	\N
tt0000376	nm0631776	actress	\N	\N
tt0000376	nm0958169	director	\N	\N
tt0000376	nm0670740	writer	\N	\N
tt0000376	nm0449435	composer	\N	\N
tt0000376	nm0078562	actress	\N	["Táncos"]
tt0000376	nm0051042	actress	\N	\N
tt0000377	nm0095816	director	\N	\N
tt0000377	nm0666972	producer	producer	\N
tt0000378	nm0462306	actress	\N	\N
tt0000378	nm0815907	actress	\N	\N
tt0000378	nm0349785	director	\N	\N
tt0000379	nm0005717	director	\N	\N
tt0000380	nm0634629	director	co-director	\N
tt0000380	nm0954087	director	co-director	\N
tt0000380	nm0674518	writer	tale	\N
tt0000381	nm0168621	actor	\N	\N
tt0000381	nm0002615	producer	producer	\N
tt0000382	nm0005717	director	\N	\N
tt0000383	nm0005717	director	\N	\N
tt0000384	nm0349785	director	\N	\N
tt0000385	nm0349785	director	\N	\N
tt0000386	nm0349785	director	\N	\N
tt0000387	nm5394591	actor	\N	["Attendant Bearing King Edward's Sword"]
tt0000387	nm0617588	director	\N	\N
tt0000387	nm0881616	director	\N	\N
tt0000388	nm0260089	actress	\N	\N
tt0000388	nm0349785	director	\N	\N
tt0000389	nm0349785	director	\N	\N
tt0000390	nm0349785	director	\N	\N
tt0000391	nm0349785	director	\N	\N
tt0000392	nm0095816	director	\N	\N
tt0000392	nm0666972	producer	producer	\N
tt0000393	nm0349785	director	\N	\N
tt0000394	nm0349785	director	\N	\N
tt0000395	nm0349785	director	\N	\N
tt0000396	nm0349785	director	\N	\N
tt0000397	nm0349785	director	\N	\N
tt0000398	nm0349785	director	\N	\N
tt0000399	nm0924920	actor	\N	["Farmer"]
tt0000399	nm0925513	actor	\N	["Jack"]
tt0000399	nm2092030	director	\N	\N
tt0000399	nm0692105	director	\N	\N
tt0000400	nm0349785	director	\N	\N
tt0000401	nm0349785	director	\N	\N
tt0000402	nm0338379	actor	\N	\N
tt0000402	nm0808310	director	\N	\N
tt0000403	nm0349785	director	\N	\N
tt0000404	nm0349785	director	\N	\N
tt0000405	nm0349785	director	\N	\N
tt0000406	nm0035502	cinematographer	\N	\N
tt0000407	nm0005717	director	\N	\N
tt0000408	nm0349785	director	\N	\N
tt0000409	nm0349785	actress	\N	\N
tt0000409	nm4905952	actress	\N	\N
tt0000409	nm4906549	actress	\N	\N
tt0000410	nm0035502	director	\N	\N
tt0000411	nm0349785	director	\N	\N
tt0000412	nm0555522	director	\N	\N
tt0000413	nm0617588	actor	\N	["The Blonde Miser","Thief"]
tt0000414	nm0542567	actor	\N	["Uncle Josh"]
tt0000414	nm0692105	director	\N	\N
tt0000415	nm0349785	director	\N	\N
tt0000416	nm0954087	director	\N	\N
tt0000416	nm0957652	writer	novel "L'Assommoir"	\N
tt0000417	nm0617588	actor	\N	["Prof. Barbenfouillis","The Moon"]
tt0000417	nm0029244	actor	\N	["Astronomer - Nostradamus"]
tt0000417	nm0076933	actress	\N	["Lady in the Moon"]
tt0000417	nm1215996	actor	\N	["Astronomer- Alcofrisbas"]
tt0000417	nm0894523	writer	novel "De la Terre à la Lune"	\N
tt0000417	nm0920229	writer	novel "First Men in the Moon"	\N
tt0000417	nm0242155	composer	\N	\N
tt0000417	nm0324073	composer	\N	\N
tt0000417	nm4491570	composer	\N	\N
tt0000418	nm0353576	director	\N	\N
tt0000419	nm0349785	director	\N	\N
tt0000420	nm0164281	actress	\N	["Alice"]
tt0000420	nm0378408	actor	\N	["Frog"]
tt0000420	nm1012587	actor	\N	["Large Dog"]
tt0000420	nm0265714	actor	\N	["Card"]
tt0000420	nm0832948	director	\N	\N
tt0000420	nm0140902	writer	novel "Alice's Adventures in Wonderland"	\N
tt0000421	nm0954087	actor	\N	\N
tt0000421	nm0349785	director	\N	\N
tt0000422	nm0954087	actor	\N	["Traveler"]
tt0000422	nm0349785	director	\N	\N
tt0000423	nm0617588	actor	\N	\N
tt0000424	nm0349785	director	\N	\N
tt0000425	nm0168621	actor	\N	\N
tt0000425	nm0783152	producer	producer	\N
tt0000426	nm0168621	actor	\N	\N
tt0000426	nm0002615	producer	producer	\N
tt0000427	nm0349785	director	\N	\N
tt0000428	nm0005717	director	\N	\N
tt0000429	nm0349785	director	\N	\N
tt0000430	nm10102653	actor	\N	["Chess Player"]
tt0000430	nm0666972	director	\N	\N
tt0000431	nm0349785	director	\N	\N
tt0000432	nm0954087	actor	\N	\N
tt0000432	nm0349785	director	\N	\N
tt0000433	nm0349785	director	\N	\N
tt0000434	nm2940350	actress	\N	["Dorothy"]
tt0000434	nm0808310	director	\N	\N
tt0000435	nm0349785	director	\N	\N
tt0000436	nm0095816	director	\N	\N
tt0000436	nm0666972	director	\N	\N
tt0000437	nm0349785	director	\N	\N
tt0000438	nm0349785	director	\N	\N
tt0000439	nm0302368	actor	\N	["Little Boy"]
tt0000439	nm0001908	actor	\N	["Bandit","Shot Passenger","Tenderfoot Dancer"]
tt0000439	nm0007625	actor	\N	["Sheriff"]
tt0000439	nm0055607	actor	\N	\N
tt0000439	nm0055661	actor	\N	["Bandit Who Fires at Camera"]
tt0000439	nm0692105	director	\N	\N
tt0000439	nm1145809	writer	story	\N
tt0000439	nm0807466	cinematographer	\N	\N
tt0000439	nm0131750	actor	\N	["Sheriff"]
tt0000439	nm2313241	actor	\N	["Fourth Bandit"]
tt0000440	nm0617588	actor	\N	["Musketeer"]
tt0000441	nm0159015	director	\N	\N
tt0000441	nm0842605	writer	novel "The Travels of Gulliver"	\N
tt0000442	nm0622273	actress	\N	["Barnemordersken"]
tt0000442	nm1854449	actor	\N	\N
tt0000442	nm0253298	director	\N	\N
tt0000442	nm1856940	writer	writer	\N
tt0000442	nm1857036	writer	writer	\N
tt0000443	nm0742777	director	\N	\N
tt0000443	nm3887135	writer	scenario	\N
tt0000443	nm0519303	writer	poem "The Song of Hiawatha"	\N
tt0000444	nm0954087	actor	\N	["Magician"]
tt0000444	nm0349785	director	\N	\N
tt0000445	nm0349785	director	\N	\N
tt0000446	nm0567363	director	\N	\N
tt0000447	nm0692105	actor	\N	["Policeman"]
tt0000447	nm0891119	actress	\N	["The Girl"]
tt0000447	nm0924475	actor	\N	["The Fireman"]
tt0000447	nm0924920	actor	\N	["Fire Chief"]
tt0000447	nm2092030	director	\N	\N
tt0000448	nm0349785	director	\N	\N
tt0000449	nm0349785	director	\N	\N
tt0000450	nm0349785	director	\N	\N
tt0000451	nm0809419	actress	\N	["Mary Jane"]
tt0000451	nm0808310	director	\N	\N
tt0000452	nm0001908	actor	\N	["Messenger Boy"]
tt0000452	nm0692105	director	\N	\N
tt0000453	nm0349785	director	\N	\N
tt0000454	nm0349785	director	\N	\N
tt0000455	nm0617588	actor	\N	["The Melomaniac"]
tt0000456	nm0005658	cinematographer	\N	\N
tt0000457	nm0349785	director	\N	\N
tt0000458	nm0349785	director	\N	\N
tt0000459	nm0692105	cinematographer	\N	\N
tt0000460	nm0567363	director	\N	\N
tt0000461	nm0349785	director	\N	\N
tt0000462	nm0349785	director	\N	\N
tt0000463	nm0005717	director	\N	\N
tt0000464	nm0420198	actor	\N	["Rip Van Winkle"]
tt0000464	nm0005690	director	\N	\N
tt0000464	nm0099105	writer	play	\N
tt0000464	nm0410331	writer	story	\N
tt0000465	nm0617588	actor	\N	["Prince Bel-Azor"]
tt0000465	nm9473330	actress	\N	["Princess Azurine"]
tt0000465	nm0076933	actress	\N	["Aurora"]
tt0000465	nm0214243	actor	\N	["Role"]
tt0000465	nm1340310	writer	story "La Biche au bois"	\N
tt0000465	nm0243651	actor	\N	["Extra"]
tt0000466	nm0349785	director	\N	\N
tt0000467	nm0349785	director	\N	\N
tt0000468	nm0349785	director	\N	\N
tt0000469	nm0808310	director	\N	\N
tt0000470	nm0349785	director	\N	\N
tt0000471	nm0692105	director	\N	\N
tt0000471	nm0832952	writer	novel "Uncle Tom's Cabin"	\N
tt0000472	nm10342565	actor	\N	["Arthur Shelby"]
tt0000472	nm0002615	actor	\N	["Simon Legree"]
tt0000472	nm0832952	writer	novel "Uncle Tom's Cabin"	\N
tt0000473	nm0349785	director	\N	\N
tt0000474	nm0349785	director	\N	\N
tt0000475	nm3345408	actor	\N	\N
tt0000475	nm0095816	director	\N	\N
tt0000475	nm0666972	producer	producer	\N
tt0000476	nm0349785	director	\N	\N
tt0000477	nm5121267	actor	\N	\N
tt0000477	nm5121475	actor	\N	\N
tt0000477	nm1597962	actor	\N	\N
tt0000477	nm0349785	director	\N	\N
tt0000478	nm0172118	director	\N	\N
tt0000479	nm0666972	director	\N	\N
tt0000480	nm0617588	actor	\N	\N
tt0000481	nm0666972	producer	producer	\N
tt0000482	nm0349785	director	\N	\N
tt0000483	nm0349785	director	\N	\N
tt0000484	nm0349785	director	\N	\N
tt0000485	nm0349785	director	\N	\N
tt0000486	nm0659947	actor	\N	["Monsieur Beaucaire"]
tt0000486	nm1173635	actor	\N	\N
tt0000486	nm0069325	actress	\N	\N
tt0000486	nm0085865	actor	\N	\N
tt0000486	nm0850483	writer	novel	\N
tt0000486	nm0085870	actress	\N	\N
tt0000487	nm0523316	actress	\N	["Little Girl (Telegrapher's daughter)"]
tt0000487	nm0002615	director	\N	\N
tt0000487	nm0292418	cinematographer	\N	\N
tt0000488	nm0177886	actor	\N	["The Minister"]
tt0000488	nm0298300	actor	\N	["Joe, the Newsboy"]
tt0000488	nm0065035	actress	\N	["Joe's Grandmother"]
tt0000488	nm0250480	actor	\N	["Manager of the Fresh Air Fund"]
tt0000488	nm0422465	actress	\N	["Committee Woman"]
tt0000488	nm0789748	director	\N	\N
tt0000488	nm0794919	writer	\N	\N
tt0000488	nm0588295	actress	\N	["Committee Woman"]
tt0000488	nm1096358	actress	\N	["Committee Woman"]
tt0000488	nm0259860	actress	\N	["Committee Woman"]
tt0000489	nm0349785	director	\N	\N
tt0000490	nm0349785	director	\N	\N
tt0000491	nm0005658	cinematographer	\N	\N
tt0000492	nm0567363	director	\N	\N
tt0000492	nm0005658	cinematographer	\N	\N
tt0000493	nm0349785	director	\N	\N
tt0000494	nm0349785	director	\N	\N
tt0000495	nm0954087	director	\N	\N
tt0000495	nm0159015	cinematographer	\N	\N
tt0000496	nm0007625	cinematographer	\N	\N
tt0000496	nm0692105	cinematographer	\N	\N
tt0000498	nm1012587	actor	\N	["Rover the dog"]
tt0000498	nm0164281	actress	\N	["Nursemaid"]
tt0000498	nm0378407	actress	\N	["The baby"]
tt0000498	nm0378408	actor	\N	["Harassed father"]
tt0000498	nm0280432	director	\N	\N
tt0000498	nm1539443	writer	story	\N
tt0000498	nm1428608	actress	\N	["Gypsy woman"]
tt0000498	nm0809910	actor	\N	["Soldier"]
tt0000499	nm0617588	actor	\N	["Mabouloff"]
tt0000499	nm0016317	actress	\N	["Madame Latrouille"]
tt0000499	nm0194945	actress	\N	["Villager at seaport"]
tt0000499	nm8706003	actress	\N	["Nurse in Swiss hospital"]
tt0000499	nm0894523	writer	play "Le Voyage a travers l'Impossible"	\N
tt0000499	nm0257866	writer	play "Le Voyage a travers l'Impossible"	\N
tt0000500	nm0005658	cinematographer	\N	\N
tt0000501	nm0001908	actor	\N	["Sherlock Holmes"]
tt0000501	nm1173635	actor	\N	["John H. Watson, M.D."]
tt0000501	nm0659947	actor	\N	["Bandit"]
tt0000501	nm0792727	actor	\N	["Bandit"]
tt0000501	nm0085865	director	\N	\N
tt0000501	nm0236279	writer	story	\N
tt0000501	nm0509478	writer	scenario	\N
tt0000502	nm0215752	actor	\N	\N
tt0000502	nm0252720	actor	\N	\N
tt0000502	nm0063413	director	\N	\N
tt0000502	nm0657268	writer	\N	\N
tt0000502	nm0675388	writer	\N	\N
tt0000503	nm0185426	director	\N	\N
tt0000504	nm0185426	director	\N	\N
tt0000505	nm0214243	actor	\N	\N
tt0000505	nm0340020	actor	\N	\N
tt0000505	nm0537222	actor	\N	\N
tt0000505	nm0097918	actor	\N	\N
tt0000505	nm1563072	director	\N	\N
tt0000505	nm0381874	director	\N	\N
tt0000506	nm0353576	director	\N	\N
tt0000507	nm0005658	cinematographer	\N	\N
tt0000508	nm0185426	director	\N	\N
tt0000509	nm0214243	actor	\N	\N
tt0000509	nm1563072	director	\N	\N
tt0000509	nm0381874	writer	\N	\N
tt0000509	nm0159015	cinematographer	\N	\N
tt0000510	nm0063413	director	\N	\N
tt0000511	nm0065393	actress	\N	["Esmeralda"]
tt0000511	nm0903455	actor	\N	["Quasimodo"]
tt0000511	nm0349785	director	\N	\N
tt0000511	nm0419327	director	co-director	\N
tt0000511	nm0401076	writer	novel "Notre Dame de Paris"	\N
tt0000511	nm0094975	cinematographer	\N	\N
tt0000511	nm0579494	production_designer	\N	\N
tt0000512	nm0005658	cinematographer	\N	\N
tt0000513	nm0185426	director	\N	\N
tt0000514	nm0016071	actor	\N	\N
tt0000514	nm0602663	actor	\N	\N
tt0000514	nm0661362	actor	\N	\N
tt0000514	nm0684029	actor	\N	\N
tt0000514	nm0005717	director	\N	\N
tt0000514	nm0722712	actor	\N	\N
tt0000514	nm0813578	actor	\N	\N
tt0000514	nm0896066	actor	\N	\N
tt0000514	nm0899837	actress	\N	\N
tt0000515	nm0159015	director	\N	\N
tt0000516	nm0159015	actor	\N	["Bertrand"]
tt0000516	nm0558863	actress	\N	["Laure"]
tt0000517	nm0063413	director	\N	\N
tt0000518	nm0140054	actor	\N	\N
tt0000518	nm0159015	writer	\N	\N
tt0000519	nm1671089	actress	\N	["The Kleptomaniac, Mrs. Banker"]
tt0000519	nm1670497	actor	\N	["Store Detective"]
tt0000519	nm1215402	actress	\N	["Female Detective"]
tt0000519	nm1670913	actor	\N	["Superintendant, Department Store"]
tt0000519	nm0692105	director	\N	\N
tt0000519	nm0250983	actress	\N	["The Thief"]
tt0000519	nm0728289	actor	\N	["Police Court Judge"]
tt0000519	nm0183817	actress	\N	["Justice"]
tt0000520	nm0353575	actor	\N	["Charles Peace"]
tt0000520	nm2329855	actress	\N	["Mrs. Dyson"]
tt0000520	nm2326707	actress	\N	["Peace's Accomplice"]
tt0000520	nm2331275	actor	\N	["Dyson"]
tt0000520	nm0353576	director	\N	\N
tt0000520	nm2329944	actor	\N	["First Policeman"]
tt0000520	nm2485827	actor	\N	["Second Policeman"]
tt0000520	nm4749111	actor	\N	["Third Policeman"]
tt0000520	nm2332493	actress	\N	["Peace's Mother"]
tt0000521	nm0692105	director	\N	\N
tt0000522	nm0005658	cinematographer	\N	\N
tt0000523	nm0005658	cinematographer	\N	\N
tt0000524	nm0005658	director	\N	\N
tt0000524	nm13890136	composer	\N	\N
tt0000525	nm0358349	actor	\N	["Joe - le cow-boy"]
tt0000525	nm0595321	actor	\N	\N
tt0000525	nm0196787	actress	\N	\N
tt0000525	nm0719480	actor	\N	\N
tt0000525	nm0243796	director	\N	\N
tt0000525	nm0357890	actor	\N	\N
tt0000525	nm0014656	actor	\N	\N
tt0000526	nm0005658	cinematographer	\N	\N
tt0000527	nm0185426	director	\N	\N
tt0000528	nm0792727	actor	\N	["Raffles"]
tt0000528	nm0085870	actress	\N	\N
tt0000528	nm0001908	director	\N	\N
tt0000528	nm0696078	writer	play "Raffles, the Amateur Cracksman"	\N
tt0000528	nm0395216	writer	novel	\N
tt0000528	nm0734207	producer	producer	\N
tt0000528	nm0807235	cinematographer	\N	\N
tt0000529	nm0005658	cinematographer	\N	\N
tt0000530	nm0159015	director	\N	\N
tt0000531	nm0140054	actor	\N	\N
tt0000531	nm0159015	director	\N	\N
tt0000532	nm0185426	director	\N	\N
tt0000533	nm0783152	producer	producer	\N
tt0000534	nm0095816	director	\N	\N
tt0000534	nm0666972	producer	producer	\N
tt0000535	nm0422149	actress	\N	["Anarkistens kone"]
tt0000535	nm0488932	actor	\N	["Anarkisten"]
tt0000535	nm0333175	cinematographer	\N	\N
tt0000535	nm0470250	production_designer	\N	\N
tt0000536	nm0691995	actress	\N	\N
tt0000536	nm0691996	actress	\N	\N
tt0000536	nm6758605	director	\N	\N
tt0000536	nm0582268	director	\N	\N
tt0000537	nm0005658	cinematographer	\N	\N
tt0000538	nm0005717	director	\N	\N
tt0000539	nm0647763	director	\N	\N
tt0000541	nm0422149	actress	\N	\N
tt0000541	nm0023121	actor	\N	\N
tt0000541	nm0676941	actor	\N	\N
tt0000541	nm0488932	actor	\N	\N
tt0000541	nm0630737	writer	\N	\N
tt0000541	nm0084830	cinematographer	\N	\N
tt0000542	nm0261789	actress	\N	\N
tt0000542	nm0602663	actor	\N	\N
tt0000542	nm0896066	actor	\N	\N
tt0000542	nm1050849	actor	\N	\N
tt0000542	nm0005717	director	\N	\N
tt0000543	nm0647763	director	\N	\N
tt0000543	nm0084830	cinematographer	\N	\N
tt0000543	nm0333175	cinematographer	\N	\N
tt0000544	nm1210247	director	\N	\N
tt0000544	nm0666972	producer	producer	\N
tt0000545	nm0005658	cinematographer	\N	\N
tt0000546	nm0106151	actor	\N	["The Rarebit Fiend"]
tt0000546	nm0567363	director	\N	\N
tt0000546	nm0692105	director	\N	\N
tt0000546	nm0565560	writer	comic strip	\N
tt0000547	nm0005717	director	\N	\N
tt0000548	nm0488932	actor	\N	["Fisker"]
tt0000548	nm0422149	actress	\N	["hans Kone"]
tt0000548	nm0526168	actor	\N	\N
tt0000548	nm0647763	writer	\N	\N
tt0000548	nm0333175	cinematographer	\N	\N
tt0000549	nm0676941	actor	\N	["Petersen"]
tt0000549	nm0488932	director	\N	\N
tt0000549	nm0333175	cinematographer	\N	\N
tt0000550	nm0454375	self	\N	["Self - King of Denmark"]
tt0000550	nm1678676	self	\N	["Self"]
tt0000550	nm0647763	director	\N	\N
tt0000550	nm0084830	cinematographer	\N	\N
tt0000552	nm0095816	director	\N	\N
tt0000552	nm0666972	producer	producer	\N
tt0000553	nm0659947	actor	\N	\N
tt0000553	nm0710362	actor	\N	\N
tt0000553	nm0085865	director	\N	\N
tt0000554	nm0085865	actor	\N	["Cartoonist"]
tt0000555	nm0421454	actress	\N	["Pigen"]
tt0000555	nm0488932	actor	\N	["Den unge mand"]
tt0000555	nm0526168	actor	\N	["Pigens far"]
tt0000555	nm0630737	writer	\N	\N
tt0000555	nm0333175	cinematographer	\N	\N
tt0000555	nm0470250	production_designer	\N	\N
tt0000556	nm0422149	actress	\N	["Young Lady"]
